Ticker,Company
RMS.PA,Hermès International Société en commandite par actions
MC.PA,"LVMH Moët Hennessy - Louis Vuitton, Société Européenne"
OR.PA,L'Oréal S.A.
AIR.PA,Airbus SE
TTE.PA,TotalEnergies SE
SU.PA,Schneider Electric S.E.
EL.PA,EssilorLuxottica Société anonyme
SAF.PA,Safran SA
AI.PA,L'Air Liquide S.A.
SAN.PA,Sanofi
CS.PA,AXA SA
CSNV.PA,AXA SA
BNP.PA,BNP Paribas SA
CDI.PA,Christian Dior SE
DG.PA,Vinci SA
HO.PA,Thales S.A.
ENGI.PA,Engie SA
ACA.PA,Crédit Agricole S.A.
SGO.PA,Compagnie de Saint-Gobain S.A.
SGONV.PA,Compagnie de Saint-Gobain S.A.
BN.PA,Danone S.A.
DSY.PA,Dassault Systèmes SE
GLE.PA,Société Générale Société anonyme
ORA.PA,Orange S.A.
LR.PA,Legrand SA
CAP.PA,Capgemini SE
NOKIA.PA,Nokia Oyj
AM.PA,Dassault Aviation société anonyme
STLAP.PA,Stellantis N.V.
PUB.PA,Publicis Groupe S.A.
STMPA.PA,STMicroelectronics N.V.
RI.PA,Pernod Ricard SA
ML.PA,Compagnie Générale des Établissements Michelin Société en commandite par actions
VIE.PA,Veolia Environnement SA
KER.PA,Kering SA
DIM.PA,Sartorius Stedim Biotech S.A.
BOL.PA,Bolloré SE
ENX.PA,Euronext N.V.
EN.PA,Bouygues SA
BIM.PA,bioMérieux S.A.
AMUN.PA,Amundi S.A.
BVI.PA,Bureau Veritas SA
URW.PA,Unibail-Rodamco-Westfield SE
SGRO.PA,SEGRO Plc
ERF.PA,Eurofins Scientific SE
RNO.PA,Renault SA
FGR.PA,Eiffage SA
ADP.PA,Aeroports de Paris SA
AC.PA,Accor SA
LI.PA,Klépierre SA
CA.PA,Carrefour SA
GET.PA,Getlink SE
IAM.PA,Itissalat Al-Maghrib (IAM) S.A.
ALO.PA,Alstom SA
IPN.PA,Ipsen S.A.
SW.PA,Sodexo S.A.
SPIE.PA,SPIE SA
RXL.PA,Rexel S.A.
AYV.PA,Ayvens
GFC.PA,Gecina
ODET.PA,Compagnie de l'Odet
CBDG.PA,Compagnie du Cambodge
GTT.PA,Gaztransport & Technigaz SA
FDJU.PA,FDJ United
TE.PA,Technip Energies N.V.
EDEN.PA,Edenred SE
COV.PA,Covivio
ELIS.PA,Elis SA
SCR.PA,SCOR SE
TEP.PA,Teleperformance SE
ALTTU.PA,Tatatu S.p.A.
AKE.PA,Arkema S.A.
SK.PA,SEB SA
NEX.PA,Nexans S.A.
VU.PA,VusionGroup S.A.
RF.PA,Eurazeo SE
SOP.PA,Sopra Steria Group SA
MLHK.PA,H&K AG
MF.PA,Wendel
COTY.PA,Coty Inc.
VK.PA,Vallourec S.A.
COVH.PA,Covivio Hotels
VRLA.PA,Verallia Société Anonyme
FLY.PA,Société Foncière Lyonnaise
TKO.PA,Tikehau Capital
DEC.PA,JCDecaux SE
LOUP.PA,L.D.C. S.A.
RUI.PA,Rubis
MMB.PA,Lagardere SA
VIV.PA,Vivendi SE
ITP.PA,Interparfums SA
VIRP.PA,Virbac SA
IDL.PA,ID Logistics Group SA
TRI.PA,Trigano S.A.
PLX.PA,Pluxee N.V.
BAIN.PA,Société Anonyme des Bains de Mer et du Cercle des Étrangers à Monaco
UNBL.PA,Unibel S.A.
ATE.PA,Alten S.A.
SESG.PA,SES S.A.
VCT.PA,Vicat S.A.
ARTO.PA,Société Industrielle et Financière de l'Artois Société anonyme
NK.PA,Imerys S.A.
COFA.PA,COFACE SA
RCO.PA,Rémy Cointreau SA
CARM.PA,Carmila S.A.
EXENS.PA,Exosens
ALTA.PA,Altarea SCA
FR.PA,Valeo SE
BB.PA,Société BIC SA
FMONC.PA,Financière Moncey Société anonyme
OVH.PA,OVH Groupe S.A.
AF.PA,Air France-KLM SA
CAF.PA,Caisse Régionale de Crédit Agricole Mutuel de Paris et d'Ile-de-France
ES.PA,Esso S.A.F.
ANTIN.PA,Antin Infrastructure Partners SAS
IPS.PA,Ipsos SA
TFI.PA,TF1 SA
PEUG.PA,Peugeot Invest Société anonyme
ICAD.PA,Icade
PLNW.PA,Planisware SAS
EMEIS.PA,emeis Société anonyme
STF.PA,STEF SA
BLV.PA,Believe S.A.
ALHG.PA,Louis Hachette Group S.A.
ARG.PA,Argan SA
CBE.PA,Robertet SA
CBR.PA,Robertet SA
RBT.PA,Robertet SA
CLARI.PA,Clariane SE
OPM.PA,OPmobility SE
FRVIA.PA,Forvia SE
SOI.PA,Soitec SA
MMT.PA,Métropole Télévision S.A.
FII.PA,Lisi S.A.
EXA.PA,Exail Technologies
WAVE.PA,Wavestone SA
ETL.PA,Eutelsat Communications S.A.
ERA.PA,ERAMET S.A.
WLN.PA,Worldline SA
GDS.PA,Ramsay Générale de Santé SA
CRBP2.PA,Caisse Régionale de Crédit Agricole Mutuel Brie Picardie Société coopérative
CRLA.PA,Caisse Régionale de Crédit Agricole Mutuel du Languedoc Société coopérative
UBI.PA,Ubisoft Entertainment SA
NRO.PA,Neurones S.A.
VLTSA.PA,Voltalia SA
74SW.PA,74Software
TKTT.PA,Tarkett S.A.
LTA.PA,Altamir SCA
MAU.PA,Etablissements Maurel & Prom S.A.
CNDF.PA,Caisse Régionale de Crédit Agricole Mutuel Nord de France Société coopérative
ELEC.PA,Électricite de Strasbourg Société Anonyme
MERY.PA,Mercialys SA
CDA.PA,Compagnie des Alpes SA
VIL.PA,"VIEL & Cie, société anonyme"
BASS.PA,BASSAC Société anonyme
FREY.PA,Frey SA
LSS.PA,Lectra SA
AREIT.PA,Altareit SCA
FNAC.PA,Fnac Darty SA
EC.PA,TotalEnergies EP Gabon Société Anonyme
DBG.PA,Derichebourg SA
VETO.PA,Vetoquinol SA
MLMTP.PA,"Montepino Logística, SOCIMI, S.A."
SAVE.PA,Savencia SA
ALVDM.PA,Voyageurs du Monde SA
GLO.PA,GL Events SA
SDG.PA,Synergie SE
XFAB.PA,X-FAB Silicon Foundries SE
CRAV.PA,Caisse régionale de Crédit Agricole Mutuel Atlantique Vendée
SCHP.PA,Séché Environnement SA
CEN.PA,Groupe CRIT SA
MTU.PA,Manitou BF SA
VAC.PA,Pierre et Vacances SA
MLCFM.PA,CFM Indosuez Wealth Management SA
EQS.PA,Equasens Société anonyme
CRAP.PA,Caisse Régionale de Crédit Agricole Mutuel Alpes Provence Société coopérative
CRSU.PA,Caisse Régionale de Crédit Agricole Mutuel Sud Rhône Alpes
THEP.PA,Thermador Groupe SA
EIFF.PA,Société de la Tour Eiffel
MLPLC.PA,Placoplatre SA
BUR.PA,Burelle SA
ATO.PA,Atos SE
KOF.PA,Kaufman & Broad S.A.
ALTBG.PA,The Blockchain Group
BEN.PA,Bénéteau S.A.
SBT.PA,Oeneo SA
AUB.PA,Aubay Société Anonyme
ELIOR.PA,Elior Group SA
CCN.PA,Caisse Régionale de Crédit Agricole Mutuel de Normandie-Seine Société coopérative
CRTO.PA,Caisse Régionale de Crédit Agricole Mutuel de la Touraine et du Poitou Société Coopérative
ASY.PA,Assystem S.A.
LPE.PA,Laurent-Perrier S.A.
ARAMI.PA,Aramis Group SAS
CRLO.PA,Caisse Régionale de Crédit Agricole Mutuel Loire Haute-Loire Société coopérative
NRG.PA,NRJ Group SA
MEDCL.PA,MedinCell S.A.
ALGIL.PA,Groupe Guillin S.A.
SAMS.PA,Samse SA
WAGA.PA,Waga Energy SA
IDIP.PA,IDI
TFF.PA,TFF Group
NXI.PA,Nexity SA
QDT.PA,Quadient S.A.
MRN.PA,Mersen S.A.
CIV.PA,Caisse régionale de Crédit Agricole Mutuel d'Ille-et-Vilaine Société coopérative
ALCBI.PA,Crypto Blockchain Industries
MALT.PA,Malteries Franco-Belges Société Anonyme
FGA.PA,Figeac Aero Société Anonyme
VIRI.PA,Viridien Société anonyme
JCQ.PA,Jacquet Metals SA
MLSPI.PA,"Student Property Income SOCIMI, S.A."
CMO.PA,Caisse Régionale de Crédit Agricole du Morbihan
EXPL.PA,EPC Groupe
ORIA.PA,Fiducial Real Estate SA
VLA.PA,Valneva SE
BOI.PA,Boiron SA
IVA.PA,Inventiva S.A.
LIN.PA,Linedata Services S.A.
CAT31.PA,Caisse Regionale de Credit Agricole Mutuel Toulouse 31
PAT.PA,Patrimoine et Commerce SA
RBO.PA,Roche Bobois S.A.
INEA.PA,Fonciere Inea S.A.
ALBFR.PA,Sidetrade SA
MLSAG.PA,"Sagax Real Estate Socimi, S.A."
ABCA.PA,ABC arbitrage SA
MBWS.PA,Marie Brizard Wine & Spirits SA
IMDA.PA,Immobiliere Dassault SA
MLPRG.PA,Preatoni Group SA
LBIRD.PA,Lumibird SA
SWP.PA,Sword Group S.E.
SELER.PA,Selectirente
ABVX.PA,ABIVAX Société Anonyme
PERR.PA,Gérard Perrier Industrie S.A.
PARRO.PA,Parrot S.A.
MLHMC.PA,Hotel Majestic Cannes
ALBOU.PA,Bourrelier Group SA
ALDLT.PA,Delta Plus Group
EFG.PA,Eagle Football Group SA
AMPLI.PA,Amplitude Surgical SA
SMCP.PA,SMCP S.A.
EAPI.PA,Euroapi S.A.
EXE.PA,EXEL Industries SA
GBT.PA,Guerbet SA
ALSTI.PA,STIF Société anonyme
INF.PA,Infotel SA
BON.PA,Bonduelle SCA
GAM.PA,Gaumont SA
LNA.PA,LNA Santé SA
ALERS.PA,Eurobio Scientific Société anonyme
CRI.PA,Compagnie Chargeurs Invest
MLHAY.PA,"Healthcare Activos Yield SOCIMI, S.A."
GPE.PA,Groupe Pizzorno Environnement
ALLAN.PA,Lanson-BCC
FCMC.PA,Société Fermière du Casino Municipal de Cannes
DBV.PA,DBV Technologies S.A.
ALLEC.PA,Cogelec SA
BLC.PA,Bastide Le Confort Médical SA
SFPI.PA,GROUPE SFPI SA
BSD.PA,Bourse Direct SA
AAA.PA,Alan Allman Associates
AKW.PA,Akwel SA
ALHEX.PA,Hexaom S.A.
MLZAM.PA,ZCCM Investments Holdings Plc
ATLD.PA,Atland SAS
MLURC.PA,"Urbanizadora Constructora Levantina SOCIMI, S.A."
NANO.PA,Nanobiotix S.A.
PARP.PA,Groupe Partouche SA
ALLHB.PA,Les Hôtels Baverez S.A.
ALEXA.PA,Exacompta Clairefontaine S.A.
ARVBS.PA,Arverne Group S.A.
ARVEN.PA,Arverne Group S.A.
LAT.PA,Latécoère S.A.
GNFT.PA,Genfit S.A.
S30.PA,Solutions 30 SE
ALTPC.PA,Société Marseillaise du Tunnel Prado Carénage
CLA.PA,Claranova SE
ALFPC.PA,S.A. Fountaine Pajot
CO.PA,"Casino, Guichard-Perrachon S.A."
COBS1.PA,"Casino, Guichard-Perrachon S.A."
MLUAV.PA,"Embention Sistemas Inteligentes, S.A."
MLCMB.PA,Compagnie Du Mont-Blanc
ALPUL.PA,Pullup Entertainment Société anonyme
LHYFE.PA,Lhyfe SA
ALPM.PA,Precia S.A.
FDE.PA,La Française de l'Energie S.A.
IPH.PA,Innate Pharma S.A.
MLFIR.PA,Firstcaution SA
BSRIC.PA,Bnp Paribas Easy - Aggregate Bond Sri Fossil Free
CGM.PA,Cegedim SA
MLCNT.PA,Consort NT Société anonyme
ALNSE.PA,NSE S.A.
DEEZR.PA,Deezer S.A.
MLCHE.PA,Cheops Technology France Société anonyme
ALGEV.PA,Gévelot SA
BLEE.PA,Bleecker Société Anonyme
ALPDX.PA,Piscines Desjoyaux SA
CBOT.PA,CBo Territoria SA
ALFRE.PA,Freelance.com SA
ALLIX.PA,WALLIX GROUP SA
ALRFG.PA,Racing Force S.P.A.
AL2SI.PA,2CRSI S.A.
TNG.PA,Transgene SA
DKUPL.PA,ADLPartner SA
CBSM.PA,Société Centrale des Bois et des Scieries de la Manche S.A.
ALCRB.PA,Carbios SAS
FORE.PA,La Forestière Equatoriale SA
ALVAZ.PA,Vaziva Société anonyme
ALKEY.PA,Keyrus S.A.
EKI.PA,EKINOPS S.A.
OSE.PA,OSE Immunotherapeutics SA
INFE.PA,Groupe ETPO SA
CROS.PA,Crosswood SA
ALVU.PA,Vente-Unique.com SA
ALSEN.PA,Sensorion SA
ALESE.PA,Entech SA
ALFLE.PA,Fleury Michon SA
VTR.PA,Vitura SA
MLVSY.PA,Versity
ALECR.PA,Eurofins-Cerep SA
SPEL.PA,Foncière Volta
ALBLD.PA,Bilendi SA
MLSCI.PA,"Scientia School, S.A."
ALSTW.PA,Streamwide S.A.
VRAP.PA,Vranken-Pommery Monopole Société Anonyme
ALCAT.PA,SA Catana Group
ALBON.PA,Compagnie Lebon
MDM.PA,Maisons du Monde S.A.
MLECE.PA,"Faifey Invest Socimi, S.A."
DPAM.PA,Les Docks des Pétroles d'Ambès -SA
DPT.PA,S.T. Dupont S.A.
ALBI.PA,Gascogne SA
MLVIN.PA,Foncière Vindi Société Anonyme
GEA.PA,Grenobloise d'Electronique et d'Automatismes Société Anonyme
ALLUX.PA,Installux S.A.
ALCLS.PA,Cellectis S.A.
MLINM.PA,"Inmark Prime Socimi, S.A.U."
ABLD.PA,ABL Diagnostics Société anonyme
ALPRO.PA,Prodware S.A.
ALCJ.PA,Crossject Société Anonyme
ALMDG.PA,MGI Digital Technology Société Anonyme
MLCOE.PA,"Core Spain Holdco Socimi, S.A."
MAAT.PA,MaaT Pharma SA
MLMIV.PA,"Meridia RE IV, SOCIMI, S.A.U."
LOCAL.PA,Solocal Group S.A.
ALREW.PA,Reworld Media Société Anonyme
ALMRB.PA,Mr.Bricolage S.A.
ALBKK.PA,Baikowski SA
ALMKS.PA,"Making Science Group, S.A."
ALODY.PA,Odyssee Technologies
ALATA.PA,Atari SA
MLHBP.PA,"Hoteles BESTPRICE, S.A."
MLIPO.PA,"Iposa Properties Socimi, S.A."
ALSOG.PA,Sogeclair SA
TVRB.PA,Téléverbier SA
ABEO.PA,Abéo SA
PIG.PA,Haulotte Group SA
MLCAN.PA,Eurolog Canola Socimi SA
ALAFY.PA,AFYREN SAS
GUI.PA,Guillemot Corporation S.A.
HCO.PA,High Co. SA
AB.PA,AB Science S.A.
NACON.PA,Nacon S.A.
CAFOM.PA,Centrale d'Achat Française pour l'Outre-Mer Société Anonyme
ALCIS.PA,Catering International & Services Société Anonyme
HDF.PA,Hydrogène de France Société anonyme
MLARO.PA,"Aroca Del Pinar Socimi, S.A."
JBOG.PA,Jacques Bogart S.A.
VANTI.PA,Vantiva S.A.
ADOC.PA,Adocia SA
BALYO.PA,Balyo SA
ALPJT.PA,Poujoulat SA
ALPHI.PA,"Facephi Biometria, S.A."
TRACT.PA,Teract S.A.
MLORB.PA,"Orbis Properties SOCIMI, S.A."
ALHRG.PA,Herige
SABE.PA,Saint Jean Groupe Société anonyme
ALRIB.PA,Riber S.A.
ALICA.PA,Icape Holding S.A.
MLAIG.PA,Andino Inversiones Global S.A.
ALHGR.PA,Hoffmann Green Cement Technologies Societe anonyme
PAR.PA,Paref SA
SEFER.PA,SergeFerrari Group SA
MLSGT.PA,Smart Good Things Holding
ALATI.PA,ACTIA Group S.A.
ALECP.PA,EuropaCorp
ALHYP.PA,HiPay Group SA
MLOKP.PA,"Ok Business Properties Socimi, S.A."
SACI.PA,Fiducial Office Solutions
ACAN.PA,Acanthe Développement
MLIFS.PA,"Impulse Fitness Solutions, S.A."
ALTAI.PA,LightOn SA
ALKLH.PA,Klea Holding SA
ALTRO.PA,Tronic's Microsystems SA
ALHRS.PA,Hydrogen-Refueling-Solutions SA
ALMOU.PA,Moulinvest S.A.
ALWEC.PA,We.Connect SA
AFME.PA,Affluent Medical SA
MLINT.PA,"Iante Investments Socimi, S.A."
ARTE.PA,Artea SA
MLJ21.PA,"Jungle21, S.A."
SRP.PA,SRP Groupe S.A.
MLHYD.PA,Hydraulique P.B Société anonyme
ALDAR.PA,Damartex
MLHOT.PA,Hotelim Société Anonyme
ALODC.PA,Omer-Decugis & Cie SA
ALMIB.PA,Amoéba S.A.
ALDEL.PA,Delfingen Industry S.A.
AURE.PA,Aurea SA
ALAVI.PA,AdVini S.A.
MLAST.PA,"Astickso XXI Socimi, S.A."
MLABC.PA,"Igis Neptune Barcelona Holdco Socimi, S.A."
ALMII.PA,M2i Société anonyme
ALHOP.PA,Hopscotch Global PR Group
ALEAC.PA,EdiliziAcrobatica S.p.A.
MLMAQ.PA,"MAQ administración urbanas SOCIMI, S.A."
ATEME.PA,ATEME SA
ALMER.PA,Sapmer SA
ALITL.PA,IT Link SA
MLARE.PA,Aref Thalassa Socimi SA
ALCAR.PA,Carmat SA
ALGAE.PA,Fermentalg SA
ALPWG.PA,Prodways Group SA
COH.PA,Coheris SA
ABNX.PA,ABIONYX Pharma SA
ALLDL.PA,Groupe LDLC société anonyme
ALUNT.PA,Uniti S.A
MLNDG.PA,Global Pielago Socimi SA
ALLEX.PA,Lexibook - Linguistic Electronic System Société anonyme
ALDNX.PA,DNXCorp SE
MLAGP.PA,"AGP Málaga Socimi, S.A."
MLBSP.PA,Blue Shark Power System
MLJDL.PA,"Res Gestae Socimi, S.A."
MLASO.PA,"Apodaca Inversiones Inmobiliarias SOCIMI, S.A."
LACR.PA,LACROIX Group SA
MLGRC.PA,Groupe Carnivor Société Anonyme
ALMEX.PA,Mexedia Società Per Azioni S.B.
ALBDM.PA,BD Multimedia SA
ALNOV.PA,Novacyt S.A.
ALHUN.PA,Hunyvers SA
ALMIN.PA,MINT Société anonyme
ALNTG.PA,Netgem SA
MLITN.PA,Italy Innovazioni S.p.A.
POXEL.PA,Poxel S.A.
CNV.PA,Cnova N.V.
ALGEN.PA,genOway Société anonyme
ALISP.PA,"ISPD Network, S.A."
ALNSC.PA,NSC Groupe SA
MLBMD.PA,beaconsmind AG
MLGAI.PA,Grande Armee Investissement SA
ALDRV.PA,Drone Volt SA
TOUP.PA,Touax SCA
MLVRE.PA,"Vandor Real Estate Socimi, S.A.U."
PVL.PA,Plastiques du Val de Loire
MEMS.PA,"MEMSCAP, S.A."
PRC.PA,Artmarket.com
ALDLS.PA,DLSI
ALSMA.PA,S.M.A.I.O S.A.
MLMFI.PA,Condor Technologies NV
FORSE.PA,Forsee Power Société anonyme
ALHIT.PA,HITECHPROS Société anonyme
ALPOU.PA,Poulaillon SA
ALHGO.PA,Hamilton Global Opportunities PLC
MLMUT.PA,"Mutter Ventures, S.A."
ALTUV.PA,BIO-UV Group S.A.
ALENT.PA,SA Entreparticuliers.com
MLAAH.PA,Amatheon Agri Holding N.V.
SIGHT.PA,GenSight Biologics S.A.
ALMDT.PA,Median Technologies SA
ALPRG.PA,Prologue S.A.
ALCUR.PA,Arcure S.A.
MLCMG.PA,CMG Cleantech S.A.
GRVO.PA,Graines Voltz S.A.
ALDMS.PA,Diagnostic Medical Systems S.A.
MLCFD.PA,Compagnie de Chemins de Fer Départementaux Société Anonyme
ALU10.PA,U10 Corp
ALBIO.PA,Biosynex SA
MLSRP.PA,Speed Rabbit Pizza SA
ALNXT.PA,Nextedia S.A.
ALTRI.PA,Trilogiq S.A.
ALGTR.PA,Groupe Tera SA
ALKKO.PA,KKO International SA
ALBIZ.PA,Obiz S.A.
MLGWH.PA,"Whiteni Rcajal Socimi, S.A."
ALSAS.PA,Stradim Espace Finances SA
MLMCA.PA,Macompta.fr
ALIKO.PA,Ikonisys S.A.
ALHAF.PA,Haffner Energy S.A.
ALDVI.PA,Advicenne S.A.
MLDYX.PA,Dynex Energy S.A.
EDI.PA,Groupe MEDIA 6
VMX.PA,Verimatrix SA
ALBPK.PA,Broadpeak Société anonyme
BIG.PA,BigBen Interactive
MLORQ.PA,"Orinoquia Real Estate SOCIMI, S.A."
ALBOA.PA,BOA Concept SAS
MLCOU.PA,Courbet Héritage société anonyme
ALMCE.PA,Mon Courtier Energie Groupe S.A.
ALENO.PA,Enogia SAS
ALHF.PA,HF Company SA
ALFUM.PA,Fill Up Media S.A.
MLAZR.PA,The Azur Selection S.A.
PSAT.PA,Passat Société Anonyme
ALOKW.PA,Groupe OKwind Société anonyme
EEM.PA,Electricité et Eaux de Madagascar Société Anonyme
MLVRF.PA,VREF Seville Real Estate Holdco SOCIMI S.A.
ALRGR.PA,Rougier S.A.
ALMGI.PA,MG International S.A.
ALEXP.PA,One Experience Société anonyme
MLPRI.PA,Societe Nationale de Propriete d'Immeubles
ALLLN.PA,"LleidaNetworks Serveis Telemàtics, S.A."
ALAUD.PA,Audacia SA
ALCOG.PA,Cogra 48 Société Anonyme
ALLOG.PA,Logic Instrument S.A.
MLHOP.PA,Participation Industrielle Miniere Société Anonyme
MLARI.PA,"Arimelia Itg Socimi, S.A."
MLPET.PA,Pet Service Holding N.V.
MLETA.PA,Metalliance SA
TAYN.PA,Societe de Tayninh SA
ALVGO.PA,Vogo SA
ALINS.PA,Intrasense S.A.
MLEAV.PA,E.A.V.S. Groupe Société anonyme
ALCWE.PA,Charwood Energy SA
ALCOX.PA,Nicox S.A.
AELIS.PA,Aelis Farma SA
HDP.PA,Les Hôtels de Paris SA
ALGIR.PA,Signaux Girod S.A.
ALVAP.PA,Kumulus Vape S.A.
ALECO.PA,écomiam SA
MLIRF.PA,Innovative-RFK S.p.A.
MLMAD.PA,Made SA
ALDUX.PA,AdUX SA
OREGE.PA,Orege Société Anonyme
ALNFL.PA,NFL Biosciences SA
ALAMA.PA,AMA Corporation Plc
MLHCF.PA,Home Concept Société anonyme
MLHYE.PA,Hydro-Exploitations Societe Anonyme
MLLCB.PA,Les Constructeurs du Bois S.A.
MLBIO.PA,Nortem BioGroup
ALVAL.PA,Valbiotis SA
ALPRE.PA,Predilife S.A.
XIL.PA,Xilam Animation
ALDNE.PA,Don't Nod Entertainment S.A.
EFI.PA,Eurasia Fonciere Investissements Société Anonyme
FIPP.PA,FIPP S.A.
MLPHO.PA,Photonike Capital SA
ALAGR.PA,AgroGeneration SA
ALTHE.PA,Theraclion SA
ALREB.PA,Rebirth S.p.A.
MLWRS.PA,"Wellness Resorts Socimi, S.A."
ALIMP.PA,Implanet S.A.
MLHIN.PA,Société Hôtelière et Immobilière de Nice S.A.
ALTXC.PA,TXCOM Société Anonyme
ALDV.PA,Alliance Developpement Capital SIIC
ALJXR.PA,Archos S.A.
MLVIE.PA,Integritas Viager
ALKOM.PA,"Plásticos Compuestos, S.A."
ALVIN.PA,Vinpai SAS
ALTD.PA,Tonner Drones S.A.
ALCOF.PA,Cofidur S.A.
MLIME.PA,Imeon Energy Société anonyme
ALEMG.PA,Laboratoires Euromedis Société anonyme
ALI2S.PA,i2S SA
ALPAT.PA,Plant Advanced Technologies SA
CV.PA,ZCI Limited
ALGID.PA,Egide S.A.
MLERH.PA,"Elix Rental Housing Socimi II, S.A."
ALQWA.PA,Qwamplify
MLNOV.PA,Novatech Industries
ALINN.PA,Innelec Multimédia SA
ALVIO.PA,Valerio Therapeutics Société anonyme
ALLAM.PA,Llama Group SA
ALNRG.PA,SA Energisme
ALMKT.PA,Mauna Kea Technologies SA
ALPRI.PA,"Prismaflex International, S.A."
ALEUA.PA,Eurasia Groupe SA
ALERO.PA,Euroland Corporate Société anonyme
AUGR.PA,Augros Cosmetic Packaging SA
SFCA.PA,Société Française de Casinos Société Anonyme
ALGRO.PA,Grolleau Société Anonyme
COUR.PA,Courtois S.A.
ALNN6.PA,ENENSYS Technologies SA
MLSEQ.PA,Sequa Petroleum N.V.
ALMLB.PA,Miliboo Société anonyme
ALGLD.PA,Gold By Gold SA
ALLGO.PA,Largo SA
ALAMG.PA,Auplata Mining Group
ALUVI.PA,UV Germi SA
MLBON.PA,bonyf N.V.
ALEUP.PA,Europlasma S.A.
MLHBB.PA,Financiere Hoche Bains-Les-Bains SA
ALDUB.PA,Encres Dubuit
PROAC.PA,Proactis SA
FOAF.PA,Fin.Ouest Africain
MLODT.PA,Odiot S.A.
ALUPG.PA,UPERGY Société Anonyme
ALWIT.PA,Witbe S.A.
ALTME.PA,TME Pharma N.V.
MLCAC.PA,Lombard & Medot SA
ALCOI.PA,Coil S.A./N.V.
FNTS.PA,Finatis Société Anonyme
ALKLK.PA,Kerlink SA
ALFLO.PA,SAS Florentaise
MLCOR.PA,Corep Lighting Société anonyme
ALWF.PA,WINFARM Société anonyme
ALNLF.PA,Neolife SA
ALBLU.PA,Bluelinea Société Anonyme
MLCLI.PA,Maison Clio Blue SA
ALAIR.PA,Groupe Airwell Société anonyme
ALTAO.PA,Aton
MLEDR.PA,Compagnie des Eaux de Royan
ALMET.PA,Méthanor SCA
MLSDN.PA,La Savonnerie De Nyons
ALEO2.PA,Eo2 Société Anonyme
MLAEM.PA,Ashler et Manson SA
ALSEI.PA,Società Editoriale Il Fatto S.p.A.
ALCAP.PA,Capelli SA
ALSGD.PA,SpineGuard SA
ALAQU.PA,Aquila SA
ALTHX.PA,Theranexus Société Anonyme
ALEMV.PA,Emova Group SA
ALDBL.PA,Bernard Loiseau S.A.
ALSPT.PA,Spartoo SAS
ALPAU.PA,PAULIC Meunerie SA
MLNOX.PA,Bio Inox S.A.
ALREA.PA,Réalités S.A.
MLONL.PA,SA Onlineformapro
MLSTR.PA,Streit Mecanique SA
ALKAL.PA,Kalray S.A.
ALORA.PA,Altheora SA
ALINV.PA,Invibes Advertising N.V.
ALMUN.PA,Munic S.A.
MLFXO.PA,Finaxo Environnement Societe Anonyme
ALDOL.PA,Dolfines SA
ALVIA.PA,Vialife SA
ALESA.PA,Ecoslops S.A.
ALOPM.PA,Oncodesign Precision Medicine Société anonyme
ARDO.PA,Les Motocycles Ardoin Saint Amand & Cie Société Anonyme
MLARD.PA,Les Motocycles Ardoin Saint Amand & Cie Société Anonyme
MLLAB.PA,Media Lab S.p.A.
MLGNS.PA,"Genesis R.E.I.T. Socimi, S.A."
MLEFA.PA,Eduform'action Société Anonyme
ALENR.PA,Entreprendre S.A.
MLHPE.PA,Hopening SA
ALQGC.PA,Quantum Genomics Société Anonyme
MLLOI.PA,Locasystem International SA
MLPAC.PA,Pacte Novation
ALCBX.PA,Cibox Inter@ctive
ALNMG.PA,NetMedia Group société anonyme
ALAGO.PA,E-Pango SA
ALWTR.PA,Osmosun S.A.
MLIMP.PA,Imprimerie Chirat Société Anonyme
ALMAR.PA,Mare Nostrum SA
MLPER.PA,"Perseida Renta Gestion Socimi, S.A."
MLFDV.PA,FD SA
CHSR.PA,Chausseria
ALTOO.PA,Toosla Société Anonyme
EOS.PA,Acteos SA
MLBBO.PA,BEBO Health SA
GJAJ.PA,Groupe JAJ
MLBAR.PA,"Barings Core Spain Socimi, S.A.U."
ALAGP.PA,Agripower France Société Anonyme
MLCMI.PA,Societe de Conseil en Externalisation et en Marketing Internet - SCEMI Société Anonyme
ALKLA.PA,Klarsen
SEC.PA,Soditech SA
ALINT.PA,IntegraGen SA
ALUCI.PA,Lucibel SA
MLACT.PA,Activium Group SAS
ALGEC.PA,GECI International S.A.
ALARF.PA,Adeunis Société anonyme
FPG.PA,Union Technologies Informatique Group S.A.
ALMCP.PA,McPhy Energy S.A.
ALRPD.PA,Rapid Nutrition PLC
ALDEV.PA,Devernois S.A.
MLEDU.PA,Eduniversal SA
ALBPS.PA,Biophytis S.A.
MLFNP.PA,FNP Technologies SA
NR21.PA,NR21 Société Anonyme
ITXT.PA,Intexa SA
BUI.PA,Barbara Bui SA
ALPCV.PA,Cerinnov Group SA
MLDAM.PA,Damaris SA
MLIDS.PA,IDS France SAS
FINM.PA,Financière Marjos SA
RAL.PA,Rallye SA
ALVER.PA,Vergnet SA
AVT.PA,Avenir Telecom S.A.
MLEAS.PA,Easson Telecom Limited
ALTHO.PA,Metavisio
MLUMG.PA,Umalis Group
MLOCT.PA,Octopus Biosafety SA
ALORD.PA,Ordissimo SA
ORDDS.PA,Ordissimo SA
ALLPL.PA,Lepermislibre Société anonyme
ALROC.PA,RocTool S.A.
MLCOT.PA,Coretech 5 Société anonyme
GNRO.PA,GeNeuro SA
FAYE.PA,"Fayenceries de Sarreguemines, Digoin & Vitry-le-Francois Société Anonyme"
MLTRO.PA,TROC DE L'ILE SA
CARP.PA,Carpinienne de Participations
MLVER.PA,Verney-Carron S.A.
MHM.PA,MyHotelMatch S.A.
ALVG.PA,VEOM Group
ALIMR.PA,Immersion SA
SLCO.PA,Selcodis SA
ALSPW.PA,Spineway SA
MLIPP.PA,Société Anonyme Immobilière Parisienne de la Perle et des Pierres Précieuses
MLPRX.PA,Parx Materials N.V.
MLAZL.PA,AZ Leasing SPA
MLVST.PA,Televista Société anonyme
EURS.PA,Foncière Euris SA
MLCLP.PA,Colipays Reunion Société anonyme
ALGBE.PA,Global Bioenergies SA
ALHPI.PA,Hopium SA
ALNMR.PA,namR Société anonyme
MLNMA.PA,Nicolas Miguet et Associes SA
MLIFC.PA,Infoclip S.A.
MLONE.PA,Body One SA
ALMAS.PA,Mastrad Société Anonyme
MLPHW.PA,Phone Web SA
MLSMP.PA,Semplicemente S.p.A.
MLALV.PA,Alveen S.A.
MLWEA.PA,"Weaccess Group, Société Anonyme"
MLGAL.PA,Galeo Concept Société Anonyme
PHXM.PA,PHAXIAM Therapeutics S.A.
MLDYN.PA,Dynafond Société Anonyme
ALAVE.PA,Aventador S.A.
ALDBT.PA,DBT SA
MLAAT.PA,"Azorean Aquatic Technologies, S.A."
ALSRS.PA,Sirius Media
MLGEQ.PA,Gentlemen's Equity S.A.
CFI.PA,CFI-Compagnie Foncière Internationale
MLIML.PA,ImAlliance SA
MLFTI.PA,France Tourisme Immobilier SA
MLAGI.PA,SAS AG3i
MLPVG.PA,Groupe Plus-Values
ALCYB.PA,Cybergun S.A.
MLAA.PA,L Agence Automobiliere
LEBL.PA,Foncière 7 investissement Société Anonyme
ALALO.PA,Acheter-Louer.Fr SA
ALFBA.PA,Fashion Bel Air S.A.
MLWEY.PA,Weya SA
ALCHI.PA,Alchimie SA
AKOM.PA,Aerkomm Inc.
MLMGL.PA,Magillem Design Services SA
MLSML.PA,Smalto Holding SA
ALCAB.PA,Cabasse Société anonyme
ALSAF.PA,Safe Orthopaedics SA
MLEDS.PA,Editions Du Signe SA
ALIMO.PA,Groupimo S.A.
MLMIB.PA,Metrics in Balance N.V.
MLSUM.PA,Sumo Resources Plc
ALADO.PA,Adomos S.A.
MLALE.PA,Ucapital Global Plc
ALNEV.PA,Neovacs S.A.
ALBOO.PA,Boostheat SA
