Ticker,Company
MFC.PS,Manulife Financial Corporation
SLF.PS,Sun Life Financial Inc.
HVN.PS,Villar Land Holdings Corp.
SM.PS,SM Investments Corporation
ICT.PS,"International Container Terminal Services, Inc."
BDO.PS,"BDO Unibank, Inc."
BPI.PS,Bank of the Philippine Islands
SMPH.PS,"SM Prime Holdings, Inc."
MER.PS,Manila Electric Company
ALI.PS,"Ayala Land, Inc."
AC.PS,Ayala Corporation
MBT.PS,Metropolitan Bank & Trust Company
FB.PS,"San Miguel Food and Beverage, Inc."
AP.PS,Aboitiz Power Corporation
PLUS.PS,DigiPlus Interactive Corp.
TEL.PS,PLDT Inc.
JFC.PS,Jollibee Foods Corporation
GLO.PS,"Globe Telecom, Inc."
EMI.PS,Emperador Inc.
AEV.PS,"Aboitiz Equity Ventures, Inc."
SMC.PS,San Miguel Corporation
CBC.PS,China Banking Corporation
URC.PS,Universal Robina Corporation
CNPF.PS,"Century Pacific Food, Inc."
DMC.PS,"DMCI Holdings, Inc."
LTG.PS,"LT Group, Inc."
SCC.PS,Semirara Mining and Power Corporation
CNVRG.PS,"Converge Information and Communications Technology Solutions, Inc."
JGS.PS,"JG Summit Holdings, Inc."
AREIT.PS,"AREIT, Inc."
MONDE.PS,Monde Nissin Corporation
GTCAP.PS,"GT Capital Holdings, Inc."
MWC.PS,"Manila Water Company, Inc."
RCR.PS,"RL Commercial REIT, Inc."
PAL.PS,"PAL Holdings, Inc."
UBP.PS,Union Bank of the Philippines
ACEN.PS,Acen Corporation
PGOLD.PS,"Puregold Price Club, Inc."
PTC.PS,Philippine Trust Company
GSMI.PS,Ginebra San Miguel Inc.
PNB.PS,Philippine National Bank
AGI.PS,"Alliance Global Group, Inc."
SEVN.PS,Philippine Seven Corporation
BLOOM.PS,Bloomberry Resorts Corporation
FGEN.PS,First Gen Corporation
RLC.PS,Robinsons Land Corporation
RCB.PS,Rizal Commercial Banking Corporation
SPNEC.PS,SP New Energy Corporation
MEG.PS,Megaworld Corporation
SGP.PS,"Synergy Grid & Development Phils., Inc."
AUB.PS,Asia United Bank Corporation
MREIT.PS,"MREIT, Inc."
COSCO.PS,"Cosco Capital, Inc."
SECB.PS,Security Bank Corporation
ATI.PS,"Asian Terminals, Inc."
HOUSE.PS,"8990 Holdings, Inc."
RRHI.PS,"Robinsons Retail Holdings, Inc."
FDC.PS,Filinvest Development Corporation
KEEPR.PS,"The Keepers Holdings, Inc."
OGP.PS,OceanaGold (Philippines) Inc.
PX.PS,Philex Mining Corporation
APX.PS,"Apex Mining Co., Inc."
DNL.PS,"D&L Industries, Inc."
CREC.PS,Citicore Renewable Energy Corporation
NIKL.PS,Nickel Asia Corporation
FPH.PS,First Philippine Holdings Corporation
WLCON.PS,"Wilcon Depot, Inc."
DD.PS,DoubleDragon Corporation
PSB.PS,Philippine Savings Bank
EW.PS,East West Banking Corporation
DITO.PS,DITO CME Holdings Corp.
PPC.PS,Pryce Corporation
CREIT.PS,Citicore Energy REIT Corp.
PCOR.PS,Petron Corporation
PRF3A.PS,Petron Corporation
TFHI.PS,"Top Frontier Investment Holdings, Inc."
BCOR.PS,Berjaya Philippines Inc.
SLI.PS,"Sta. Lucia Land, Inc."
CEB.PS,"Cebu Air, Inc."
FILRT.PS,Filinvest REIT Corp.
VLL.PS,"Vista Land & Lifescapes, Inc."
FEU.PS,"Far Eastern University, Incorporated"
SHNG.PS,"Shang Properties, Inc."
DDMPR.PS,DDMP REIT Inc.
VVT.PS,Vivant Corporation
DMW.PS,"D.M. Wenceslao & Associates, Incorporated"
CHP.PS,"Concreat Holdings Philippines, Inc."
ANS.PS,A. Soriano Corporation
GMA7.PS,"GMA Network, Inc."
PSE.PS,"The Philippine Stock Exchange, Inc."
GMAP.PS,"GMA Holdings, Inc."
FLI.PS,"Filinvest Land, Inc."
BEL.PS,Belle Corporation
AT.PS,Atlas Consolidated Mining and Development Corporation
STI.PS,"STI Education Systems Holdings, Inc."
RFM.PS,RFM Corporation
LPZ.PS,Lopez Holdings Corporation
VREIT.PS,"VistaREIT, Inc."
SPC.PS,SPC Power Corporation
PIZZA.PS,"Shakey's Pizza Asia Ventures, Inc."
UNH.PS,Uniholdings Inc.
STR.PS,"Vistamalls, Inc."
ROCK.PS,Rockwell Land Corporation
LC.PS,Lepanto Consolidated Mining Company
LCB.PS,Lepanto Consolidated Mining Company
AB.PS,"Atok-Big Wedge Co., Inc."
VMC.PS,"Victorias Milling Company, Inc."
LBC.PS,"LBC Express Holdings, Inc."
SSI.PS,"SSI Group, Inc."
BNCOM.PS,Bank of Commerce
COL.PS,"COL Financial Group, Inc."
ALLHC.PS,AyalaLand Logistics Holdings Corp.
RCI.PS,"Roxas and Company, Inc."
CLI.PS,"Cebu Landmasters, Inc."
MACAY.PS,"Macay Holdings, Inc."
PREIT.PS,Premiere Island Power Reit Corporation
CEU.PS,Centro Escolar University
PBC.PS,Philippine Bank of Communications
ABG.PS,Asiabest Group International Inc.
SHLPH.PS,Shell Pilipinas Corporation
CPG.PS,"Century Properties Group, Inc."
MAC.PS,MacroAsia Corporation
PBB.PS,"Philippine Business Bank, Inc."
AXLM.PS,Axelum Resources Corp.
CPM.PS,Century Peak Holdings Corporation
IPO.PS,"iPeople, inc."
SBS.PS,SBS Philippines Corporation
GERI.PS,"Global-Estate Resorts, Inc."
FNI.PS,"Global Ferronickel Holdings, Inc."
PHN.PS,PHINMA Corporation
PNX.PS,"P-H-O-E-N-I-X Petroleum Philippines, Inc."
CIC.PS,Concepcion Industrial Corporation
DELM.PS,Del Monte Pacific Limited
PXP.PS,PXP Energy Corporation
HI.PS,"House of Investments, Inc."
SUN.PS,"Suntrust Resort Holdings, Inc."
ALHI.PS,"Anchor Land Holdings, Inc."
IMI.PS,"Integrated Micro-Electronics, Inc."
MM.PS,MerryMart Consumer Corp.
ALTER.PS,Alternergy Holdings Corporation
MWIDE.PS,Megawide Construction Corporation
ABS.PS,ABS-CBN Corporation
MRSGI.PS,"Metro Retail Stores Group, Inc."
TOP.PS,Top Line Business Development Corp.
V.PS,"Vantage Equities, Inc."
EURO.PS,"Euro-Med Laboratories Phil., Inc."
ACR.PS,"Alsons Consolidated Resources, Inc."
FCG.PS,"Figaro Culinary Group, Inc."
ATN.PS,"ATN Holdings, Inc."
XG.PS,NexGen Energy Corp.
STN.PS,Steniel Manufacturing Corporation
REDC.PS,Repower Energy Development Corporation
ABA.PS,"AbaCore Capital Holdings, Inc."
LFM.PS,"Liberty Flour Mills, Inc."
MVC.PS,Mabuhay Vinyl Corporation
FERRO.PS,"Ferronoux Holdings, Inc."
MJIC.PS,MJC Investments Corporation
PMPC.PS,Panasonic Manufacturing Philippines Corporation
CTS.PS,"CTS Global Equity Group, Inc."
WEB.PS,PhilWeb Corporation
EEI.PS,EEI Corporation
CDC.PS,Cityland Development Corporation
BC.PS,Benguet Corporation
PRMX.PS,Primex Corporation
HTI.PS,"Haus Talk, Inc."
PRC.PS,"Philippine Racing Club, Inc."
LOTO.PS,Pacific Online Systems Corporation
CAT.PS,"Central Azucarera de Tarlac, Inc."
DHI.PS,"Dominion Holdings, Inc."
C.PS,Chelsea Logistics and Infrastructure Holdings Corp.
CSB.PS,"Citystate Savings Bank, Inc."
MBC.PS,Manila Broadcasting Company
PAX.PS,"Paxys, Inc."
SGI.PS,Solid Group Inc.
ROX.PS,"Roxas Holdings, Inc."
ALLDY.PS,"AllDay Marts, Inc."
PERC.PS,PetroEnergy Resources Corporation
BSC.PS,Basic Energy Corporation
ALCO.PS,Arthaland Corporation
UPSON.PS,Upson International Corp.
ECVC.PS,East Coast Vulcan Mining Corporation
MA.PS,Manila Mining Corporation
INFRA.PS,Philippine Infradev Holdings Inc.
MJC.PS,"Manila Jockey Club, Inc."
HOME.PS,AllHome Corp.
TFC.PS,PTFC Redevelopment Corporation
VITA.PS,Vitarich Corporation
MAXS.PS,"Max's Group, Inc."
JOH.PS,Jolliville Holdings Corporation
OPM.PS,Oriental Petroleum and Minerals Corporation
OPMB.PS,Oriental Petroleum and Minerals Corporation
MARC.PS,"Marcventures Holdings, Inc."
ELI.PS,"Empire East Land Holdings, Inc."
REG.PS,Republic Glass Holdings Corporation
OV.PS,The Philodrill Corporation
APL.PS,"Apollo Global Capital, Inc."
NRCP.PS,National Reinsurance Corporation of the Philippines
KPH.PS,"Keppel Philippines Holdings, Inc."
KPHB.PS,"Keppel Philippines Holdings, Inc."
APO.PS,Anglo Philippine Holdings Corporation
ASLAG.PS,Raslag Corp.
FRUIT.PS,"Fruitas Holdings, Inc."
BKR.PS,"Bright Kindle Resources & Investments, Inc."
PRIM.PS,"Prime Media Holdings, Inc."
CA.PS,Concrete Aggregates Corporation
BRN.PS,"A Brown Company, Inc."
EVER.PS,"Everwoods Green Resources and Holdings, Inc."
PHA.PS,Premiere Horizon Alliance Corporation
PHR.PS,"PH Resorts Group Holdings, Inc."
RLT.PS,Philippine Realty and Holdings Corporation
FOOD.PS,"Alliance Select Foods International, Inc."
IPM.PS,"IPM Holdings, Inc."
APC.PS,"APC Group, Inc."
WPI.PS,"Waterfront Philippines, Incorporated"
ENEX.PS,ENEX Energy Corp.
CROWN.PS,Crown Asia Chemicals Corporation
ARA.PS,"Araneta Properties, Inc."
LAND.PS,"City & Land Developers, Incorporated"
LPC.PS,LFM Properties Corporation
DWC.PS,Discovery World Corporation
UPM.PS,United Paragon Mining Corporation
ORE.PS,"Oriental Peninsula Resources Group, Inc."
CEI.PS,"Crown Equities, Inc."
APVI.PS,"Altus Property Ventures, Inc."
KEP.PS,"Keppel Philippines Properties, Inc."
DFNN.PS,"DFNN, Inc."
WIN.PS,"Wellex Industries, Incorporated"
FJP.PS,F & J Prince Holdings Corporation
IDC.PS,Italpinas Development Corporation
MEDIC.PS,Medilines Distributors Incorporated
MRC.PS,"MRC Allied, Inc."
PHES.PS,Philippine Estates Corporation
NOW.PS,NOW Corporation
ION.PS,"Ionics, Inc."
GREEN.PS,Greenergy Holdings Incorporated
MB.PS,Manila Bulletin Publishing Corporation
FAF.PS,First Abacus Financial Holdings Corporation
FYN.PS,Filsyn Corporation
X.PS,Xurpas Inc.
BHI.PS,"Boulevard Holdings, Inc."
COAL.PS,Coal Asia Holdings Incorporated
TUGS.PS,"Harbor Star Shipping Services, Inc."
LODE.PS,Lodestar Investment Holdings Corporation
BALAI.PS,"Balai Ni Fruitas, Inc."
T.PS,TKC Metals Corporation
ANI.PS,"AgriNurture, Inc."
JAS.PS,"Jackstones, Inc."
TBGI.PS,"Transpacific Broadband Group International, Inc."
LSC.PS,Lorenzo Shipping Corporation
ECP.PS,"Easycall Communications Philippines, Inc."
ACE.PS,Acesite (Phils.) Hotel Corporation
MFIN.PS,Makati Finance Corporation
TECH.PS,Cirtek Holdings Philippines Corporation
LMG.PS,LMG Corp.
ABSP.PS,ABS-CBN Holdings Corporation
PA.PS,"Pacifica Holdings, Inc."
SPM.PS,Seafront Resources Corporation
KPPI.PS,"Kepwealth Property Phils., Inc."
BH.PS,"BHI Holdings, Inc."
BMM.PS,"Bogo-Medellin Milling Co., Inc."
NI.PS,"NiHAO Mineral Resources International, Inc."
MED.PS,"Medco Holdings, Inc."
IMP.PS,"Imperial Resources, Incorporated"
GPH.PS,Grand Plaza Hotel Corporation
FPI.PS,"Forum Pacific, Inc."
DIZ.PS,"Dizon Copper-Silver Mines, Inc."
GEO.PS,"GEOGRACE Resources Philippines, Inc."
SOC.PS,"SOCResources, Inc."
ZHI.PS,"Zeus Holdings, Inc."
MG.PS,"Millennium Global Holdings, Inc."
MAH.PS,Metro Alliance Holdings & Equities Corp.
I.PS,"I-Remit, Inc."
MHC.PS,Mabuhay Holdings Corporation
OM.PS,Omico Corporation
SRDC.PS,Supercity Realty Development Corporation
SFI.PS,"Swift Foods, Inc."
