Ticker,Company
LUMI.TA,Bank Leumi le-Israel B.M.
POLI.TA,Bank Hapoalim B.M.
ESLT.TA,Elbit Systems Ltd.
TEVA.TA,Teva Pharmaceutical Industries Limited
MZTF.TA,Mizrahi Tefahot Bank Ltd.
DSCT.TA,Israel Discount Bank Limited
NICE.TA,NICE Ltd.
AZRG.TA,Azrieli Group Ltd.
ICL.TA,ICL Group Ltd
NVMI.TA,Nova Ltd.
FIBI.TA,First International Bank of Israel Ltd
PHOE.TA,Phoenix Financial Ltd
NWMD.TA,NewMed Energy - Limited Partnership
ORA.TA,"Ormat Technologies, Inc."
HARL.TA,Harel Insurance Investments & Financial Services Ltd
MLSR.TA,Melisron Ltd.
BEZQ.TA,Bezeq The Israel Telecommunication Corp. Ltd
TSEM.TA,Tower Semiconductor Ltd.
BIG.TA,BIG Shopping Centers Ltd
MMHD.TA,Menora Mivtachim Holdings Ltd
DLEKG.TA,Delek Group Ltd.
CAMT.TA,Camtek Ltd.
NVPT.TA,"Navitas Petroleum, Limited Partnership"
OPCE.TA,OPC Energy Ltd.
STRS.TA,Strauss Group Ltd.
SAE.TA,Shufersal Ltd
CLIS.TA,Clal Insurance Enterprises Holdings Ltd.
SPEN.TA,Shapir Engineering and Industry Ltd
NXSN.TA,"NextVision Stabilized Systems, Ltd."
AMOT.TA,Amot Investments Ltd.
ENLT.TA,Enlight Renewable Energy Ltd
FTAL.TA,Fattal Holdings (1998) Ltd
ILCO.TA,Israel Corporation Ltd
MGDL.TA,Migdal Insurance and Financial Holdings Ltd.
FIBIH.TA,F.I.B.I. Holdings Ltd
MVNE.TA,Mivne Real Estate (K.D) Ltd
ELTR.TA,Electra Limited
ENOG.TA,Energean plc
SKBN.TA,Shikun & Binui Ltd.
ELAL.TA,El Al Israel Airlines Ltd.
ASHG.TA,Ashtrom Group Ltd.
DIMRI.TA,Y.H. Dimri Construction & Development Ltd
AFPR.TA,AFI Properties Ltd.
GVYM.TA,Gav-Yam Lands Corp. Ltd
MTRX.TA,Matrix IT Ltd.
KEN.TA,Kenon Holdings Ltd.
ALHE.TA,Alony-Hetz Properties & Investments Ltd
ARPT.TA,Airport City Ltd.
ENRG.TA,Energix - Renewable Energies Ltd.
PAZ.TA,Paz Retail And Energy Ltd.
ISRA.TA,Isramco Negev 2 Limited Partnership
NYAX.TA,Nayax Ltd.
FORTY.TA,Formula Systems (1985) Ltd.
HLAN.TA,Hilan Ltd.
ONE.TA,One Software Technologies Ltd
AURA.TA,Aura Investments Ltd.
TASE.TA,The Tel-Aviv Stock Exchange Ltd.
SPNS.TA,Sapiens International Corporation N.V.
MGOR.TA,Mega Or Holdings Ltd
RATI.TA,Ratio Energies - Limited Partnership
EQTL.TA,Equital Ltd.
UMH.TA,"UMH Properties, Inc."
MTAV.TA,Meitav Investment House Ltd
ISRO.TA,Isrotel Ltd.
PTNR.TA,Partner Communications Company Ltd.
DELG.TA,Delta Galil Industries Ltd.
BSEN.TA,Bet Shemesh Engines Holdings (1997) Ltd
LAPD.TA,Lapidoth Capital Ltd
ISRS.TA,Isras Investment Company Ltd
RMLI.TA,Rami Levi Chain Stores Hashikma Marketing 2006 Ltd
YHNF.TA,M.Yochananof and Sons (1988) Ltd
CEL.TA,Cellcom Israel Ltd.
FOX.TA,Fox-Wizel Ltd.
BLSR.TA,Blue Square Real Estate Ltd
AZRM.TA,"Azorim-Investment, Development & Construction Co. Ltd"
ISCN.TA,Israel Canada (T.R) Ltd
RIT1.TA,Reit 1 Ltd
ALRPR.TA,Alrov Properties and Lodgings Ltd.
SANO1.TA,Sano Bruno's Enterprises Ltd
SMT.TA,Summit Real Estate Holdings Ltd
DNYA.TA,Danya Cebus Ltd.
TRPZ.TA,Turpaz Industries Ltd
VRDS.TA,Veridis Environment Ltd
VILR.TA,Villar International Ltd.
ELCO.TA,Elco Ltd.
OPK.TA,"OPKO Health, Inc."
NOFR.TA,O.Y. Nofar Energy Ltd
TMRP.TA,Tamar Petroleum Ltd
ISCD.TA,Isracard Ltd.
AFRE.TA,Africa Israel Residences Ltd
ISHI.TA,Israel Shipyards Industries Ltd
ACRO.TA,Kvutzat Acro Ltd
IBI.TA,I.B.I. Investment House Ltd
ELCRE.TA,Electra Real Estate Ltd.
INRM.TA,Inrom Construction Industries Ltd
IDIN.TA,I.D.I. Insurance Company Ltd.
MGIC.TA,Magic Software Enterprises Ltd.
CRSM.TA,Carasso Motors Ltd.
AMRM.TA,Amram Avraham Construction Company Ltd
ISHO.TA,Isras Holdings Ltd
RTLS.TA,Retailors Ltd
DLEA.TA,Delek Automotive Systems Ltd
DORL.TA,Doral Group Renewable Energy Resources Ltd
ORL.TA,Oil Refineries Ltd.
SBEN.TA,Shikun & Binui Energy Ltd
MISH.TA,Mivtach Shamir Holdings Ltd
ACKR.TA,Ackerstein Group Ltd
NTML.TA,Neto Malinda Trading Ltd.
DANE.TA,Danel (Adir Yeoshua) Ltd
NFTA.TA,Naphtha Israel Petroleum Corp. Ltd.
MSKE.TA,Meshek Energy - Renewable Energies Ltd.
ARGO.TA,ARGO Properties N.V.
GCT.TA,G City Ltd
DANH.TA,Dan Hotels Ltd
ECP.TA,Electra Consumer Products (1970) Ltd
PRSK.TA,Prashkovsky Investments and Construction Ltd.
DLTI.TA,Delta Israel Brands Ltd
ARYT.TA,Aryt Industries Ltd.
SLARL.TA,Sella Capital Real Estate Ltd.
MAXO.TA,Max Stock Ltd.
PLRM.TA,Palram Industries (1990) Ltd
BCOM.TA,B Communications Ltd.
CRSR.TA,Carasso Real Estate Ltd
MLTM.TA,Malam - Team Ltd
PRTC.TA,Priortech Ltd
PTBL.TA,Property & Building Corp. Ltd.
TLSY.TA,Telsys Ltd.
NAWI.TA,Nawi Group Ltd
DRAL.TA,Dor Alon Energy In Israel (1988) Ltd
PLSN.TA,Plasson Industries Ltd
LEVI.TA,Meshulam Levinstein Contracting & Engineering Ltd.
MDTR.TA,Mediterranean Towers Ltd.
RMON.TA,Rimon Consulting & Management Services Ltd.
SCOP.TA,Scope Metals Group Ltd.
MRIN.TA,Y.D. More Investments Ltd
ECNR.TA,Econergy Renewable Energy Ltd
ISTA.TA,Issta Ltd
QLTU.TA,Qualitau Ltd
DUNI.TA,Duniec Bros. Ltd
DIFI.TA,Direct Finance of Direct Group (2006)Ltd
CMDR.TA,Computer Direct Group Ltd.
TDRN.TA,Tadiran Group Ltd
PERI.TA,Perion Network Ltd.
MNRT.TA,Menivim - The New Reit Ltd
KMDA.TA,Kamada Ltd.
AYAL.TA,Ayalon Insurance Company Ltd
LAHAV.TA,Lahav LR Real Estate Ltd
JBNK.TA,Bank of Jerusalem Ltd.
FBRT.TA,FMS Enterprises Migun Ltd
ASHO.TA,Ashot Ashkelon Industries Ltd.
KSTN.TA,Keystone Infra Ltd
ILDC.TA,Land Development of Nimrodi Group Ltd.
MNIF.TA,Menif - Financial Services Ltd
ROTS.TA,Rotshtein Realestate Ltd
IES.TA,I.E.S Holdings Ltd
ARD.TA,Arad Ltd.
CDEV.TA,Cohen Development Gas & Oil Ltd.
GILT.TA,Gilat Satellite Networks Ltd.
ATRY.TA,Atreyu Capital Markets Ltd
ALTF.TA,Altshuler Shaham Finance Ltd
ALLT.TA,Allot Ltd.
LUZN.TA,Amos Luzon Development and Energy Group Ltd
CAST.TA,Castro Model Ltd.
GNRS.TA,Generation Capital Ltd
ANLT.TA,Analyst I.M.S. Investment Management Services Ltd
DIPL.TA,Diplomat Holdings Ltd
MPP.TA,More Provident Funds Ltd
TATT.TA,TAT Technologies Ltd.
KARE.TA,Kardan Real Estate Enterprise and Development Ltd
HGG.TA,Hagag Group Real Estate Entrepreneurship Ltd
VTNA.TA,Vitania Ltd.
HRON.TA,Hiron-Trade Investments & Industrial Buildings Ltd
POLP.TA,Polyram Plastic Industries LTD
BKFR.TA,Bait Bakfar Ltd
KRUR.TA,Kerur Holdings Ltd.
MGRT.TA,Megureit Israel Ltd
MLTH.TA,Malam-Team Holdings Ltd
TPGM.TA,TopGum Industries Ltd.
AUDC.TA,AudioCodes Ltd.
ORBI.TA,Orbit Technologies Ltd
AFHL.TA,Afcon Holdings Ltd
ZPRS.TA,Zephyrus Wing Energies Ltd
ARIN.TA,Ari Real Estate (Arena) Investment Ltd
HIPR.TA,Hiper Global Ltd.
PCBT.TA,P.C.B. Technologies Ltd
ADGR.TA,Adgar Investments and Development Ltd
MTRD.TA,Meitav Trade Investments Ltd
ZMH.TA,Z.M.H Hammerman Ltd
TTAM.TA,Tiv Taam Holdings 1 Ltd.
JCFN.TA,Jacob Finance and Investments Ltd
WILC.TA,G. Willi-Food International Ltd.
MEDN.TA,Mehadrin Ltd
ARF.TA,Ashdod Refinery Ltd
RANI.TA,Rani Zim Shopping Centers Ltd
EMDV.TA,Emilia Development (O.F.G) Ltd.
ELWS.TA,Electreon Wireless Ltd
EXPO.TA,Export Investment Co. Ltd.
SHVA.TA,Automatic Bank Services Limited
DISI.TA,Discount Investment Corporation Ltd.
BOTI.TA,Bonei Hatichon Civil Engineering & Infrastructures Ltd.
GOLD.TA,The Gold Bond Group Ltd.
WESR.TA,Wesure Global Tech Ltd
BWAY.TA,BrainsWay Ltd.
EFCP.TA,Effi Capital Nadlan Ltd
ORON.TA,Oron Group Investments & Holdings Ltd
LCTX.TA,"Lineage Cell Therapeutics, Inc."
NVLG.TA,Novolog (Pharm-Up 1966) Ltd
SRFT.TA,Zvi Sarfati & Sons Investments & Constructions Ltd.
SOFW.TA,SofWave Medical Ltd.
ILX.TA,Ilex Medical Ltd
GLRS.TA,Globrands Ltd.
KAFR.TA,Kafrit Industries (1993) Ltd
TRLT.TA,Tera Light Ltd
HLMS.TA,Holmes Place International Ltd
ISI.TA,Imagesat International (I.S.I) Ltd
ZUR.TA,Zur Shamir Holdings Ltd
NTO.TA,Neto M.E Holdings Ltd
ELLO.TA,Ellomay Capital Ltd.
HAMAT.TA,Hamat Group Ltd.
LBRA.TA,Libra Insurance Company Ltd
RPAC.TA,Rapac Communication & Infrastructure Ltd
SMNR.TA,Shemen Yielding Real Estate Ltd
ZNKL.TA,Zanlakol Ltd
VCTR.TA,Victory Supermarket Chain Ltd
NSTR.TA,Norstar Holdings Inc
MNIN.TA,Mendelson Infrastructures & Industries Ltd.
BKRY.TA,Bikurey Hasade (Holdings) Ltd
KRDI.TA,Kardan Israel Ltd
TRX.TA,Terminal X Online Ltd.
PEN.TA,Peninsula Group Ltd
HOD.TA,Hod Assaf Industries Ltd.
CNGL.TA,Canada Global (T.R) Ltd
SRAC.TA,S.R. Accord Ltd.
ILDR.TA,Israel Land Development - Urban Renewal Ltd
SOLR.TA,Solaer Renewable Energies Ltd
ISRG.TA,Israir Group Ltd
ARBE.TA,Arbe Robotics Ltd.
ELMR.TA,El-Mor Electric Installation & Services (1986) Ltd.
PAYT.TA,Payton Industries Ltd
CGEN.TA,Compugen Ltd.
KLIL.TA,Klil Industries Ltd
MCLL.TA,Michlol Finance Ltd
RTSN.TA,Rotem Shani Entrepreneurship and Investment Ltd.
MTRN.TA,Maytronics Ltd.
TOEN.TA,Tomer Energy Royalties (2012) Ltd
AZRT.TA,Reit Azorim - H.F Living Ltd
ELCP.TA,Electra Power (2019) Ltd
MCMN.TA,Michman Finance Ltd
GSFI.TA,Gan Shmuel Foods Ltd.
TIGBUR.TA,Tigbur - Temporary Professional Personnel Ltd.
BVGG.TA,Bait Vegag Real Estate Development Ltd
ETGA.TA,ETGA Group Ltd
WLFD.TA,Willy-Food Investments Ltd
ORIN.TA,Orian Sh.M. Ltd.
GOSS.TA,G1 Secure Solutions Ltd
AVGL.TA,Avgol Industries 1953 Ltd
CRML.TA,Carmel Corp Ltd.
DRSH.TA,Dorsel Holdings Ltd
ASGR.TA,Aspen Group Ltd.
AVGD.TA,Av-Gad Holdings Ltd
BLGO.TA,Buligo Capital Ltd
RIMO.TA,Rimoni Industries Ltd.
AMRK.TA,Amir Marketing and Investments in Agriculture Ltd
BRAN.TA,Baran Group Ltd
ALMA.TA,Almogim Holdings Ltd
BRIH.TA,Rav-Bariach (08) Industries Ltd.
ABRA.TA,Abra Information Technologies Ltd.
EMCO.TA,E & M Computing Ltd.
MSLA.TA,Maslavi Construction Company Ltd
HGGE.TA,Hagag Europe Development Z.F. Ltd
UNIT.TA,"Unitronics (1989) (R""G) Ltd"
YBOX.TA,Ybox Real Estate Ltd.
GRIN.TA,Golan Renewable Industries Ltd
ALBA.TA,Albaad Massuot Yitzhak Ltd
NTGR.TA,Netanel Group Ltd
PRIM.TA,Prime Energy P.E. Ltd
SHAN.TA,Shaniv Paper Industry Ltd
BVC.TA,BATM Advanced Communications Ltd.
CMER.TA,C. Mer Industries Ltd.
IMCO.TA,IMCO Industries Ltd.
SHOM.TA,E.N. Shoham Business Ltd
MDPR.TA,Medipower (Overseas) Public Co. Limited
ICON.TA,iCon Group Ltd
CISY.TA,CI Systems (Israel) Ltd.
MLRN.TA,M.L.R.N Projects and Trade Ltd.
GOLF.TA,Golf & Co Group Ltd
TURB.TA,Turbogen Ltd
IBIU.TA,I.B.I.- Managing & Underwriting Ltd
ORMP.TA,Oramed Pharmaceuticals Inc.
SNCM.TA,Suny Cellular Communication Ltd
CILO.TA,Cielo-Blu Group Ltd
ACCL.TA,Accel Solutions Group Ltd
TFRLF.TA,Tefron Ltd.
GAGR.TA,Gaon Group Ltd.
TOPG.TA,Top Group Software Ltd
ALAR.TA,Alarum Technologies Ltd.
OPAL.TA,Opal Balance Investments Ltd
LUDN.TA,Ludan Engineering Co. Ltd
STG.TA,STG International Ltd.
POLY.TA,Polygon Real Estate Ltd
AVIV.TA,Mordechai Aviv Taasiot Beniyah (1973) Ltd.
FGAS.TA,Fire & Gas Detection Technologies Ltd
INCR.TA,InterCure Ltd.
MSHR.TA,Mishorim Real Estate Investments Ltd
KNFM.TA,Knafaim Holdings Ltd.
BONS.TA,Bonus BioGroup Ltd.
LPSN.TA,"LivePerson, Inc."
SPNTC.TA,N.R. Spuntech Industries Ltd.
EPIT.TA,Epitomee Medical Ltd
MRG.TA,Multi Retail Group Ltd
OVRS.TA,Overseas Commerce Ltd.
AMD.TA,Amiad Water Systems Ltd.
ELRN.TA,Elron Ventures Ltd
RMN.TA,Ram-On Investments and Holdings (1999) Ltd
BRMG.TA,Brimag Digital Age Ltd.
SNFL.TA,Sunflower Sustainable Investments Ltd
SKLN.TA,Skyline Investments Inc.
QNCO.TA,Y.Z. Queenco Ltd.
ALUMA.TA,Aluma Infrastructure Fund (2020) Ltd
PRMG.TA,Primotec Group Ltd
MSBI.TA,Hamashbir 365 Ltd
SLRM.TA,Solrom Holdings Ltd
SHGR.TA,Shagrir Group Vehicle Services Ltd
GOHO.TA,Golden House Ltd
RLCO.TA,Ralco Agencies Ltd
ANGL.TA,Salomon A. Angel Ltd.
SARN.TA,Sarine Technologies Ltd.
APLP.TA,Apollo Power Ltd.
SHNP.TA,E. Schnapp & Co. Works Ltd
RZR.TA,Razor Labs
BRND.TA,Brand Group (M.G) Ltd
LSCO.TA,Lesico Ltd
TGI.TA,Tgi Infrastructures Ltd
RVL.TA,Raval ACS Ltd.
RAVD.TA,Ravad Ltd
PTCH.TA,Israel Petrochemical Enterprises Ltd.
TAYA.TA,"Taya Investment Co., Ltd."
MIA.TA,Mia Dynamics Motors Ltd
AVIA.TA,Aviation Links Ltd
REKA.TA,Rekah Pharmaceutical Industry Ltd.
TRA.TA,Tarya Israel Ltd
PMNT.TA,Payment Financial Technologies Ltd
INTR.TA,Inter Gamma Investment Company Ltd
CFX.TA,Cofix Group Ltd
LHIS.TA,Lachish Industries Ltd
ININ.TA,Inter Industries Plus Ltd
VALC.TA,Value Capital One Ltd
GKL.TA,Global Knafaim Leasing Ltd
RSEL.TA,RSL Electronics Ltd.
BIRM.TA,Birman Wood & Hardware Ltd
LBTL.TA,A. Libental Holdings Ltd
AMAN.TA,Amanet Management & Systems Ltd.
THES.TA,Thirdeye Systems Ltd
YACO.TA,Yacobi Brothers Group (YSB) Ltd
NXTM.TA,Nextcom Ltd.
GEFR.TA,Geffen Residence & Renewal Ltd
GNGR.TA,Ginegar Plastic Products Ltd.
ARAN.TA,Aran Research & Development (1982) Ltd.
DNA.TA,Dna Group (T.R.) Ltd
SFRN.TA,Sufrin Holdings Ltd.
PRPD.TA,Propdo Ltd
BRKT.TA,Bareket Capital Ltd
PLUR.TA,Pluri Inc.
LEOF.TA,Lewinsky-Ofer Ltd.
ELSPC.TA,Elspec Engineering Ltd
KDST.TA,Kadimastem Ltd
PPIL.TA,Plastopil Hazorea Company Ltd
SADE.TA,Sade Real Estate-Y.S Ltd
BRIL.TA,Brill Shoe Industries Ltd.
SNEL.TA,Synel M.L.L Payway Ltd
AUGN.TA,Augwind Energy Tech Storage Ltd
PULS.TA,Pulsenmore Ltd.
FRDN.TA,Fridenson Logistic Services Ltd
SEMG.TA,Seach Medical Group Ltd
NTNB.TA,Netanel Menivim Ltd.
UTRN.TA,Utron Ltd
NISA.TA,Nissan Medical Industries Ltd
LODZ.TA,Lodzia Real Estate Ltd.
CLAB.TA,C-Lab Ltd
TMIS.TA,Themis G.R.E.N. Ltd
ORAD.TA,Orad Ltd
SCDX.TA,Scodix Ltd.
ENLV.TA,Enlivex Therapeutics Ltd.
PNRG.TA,Phinergy Ltd.
PMVM.TA,Pomvom Ltd
PRKM.TA,Parkomat International Ltd
GIVO.TA,Givot Olam Oil Exploration-Limited Partnership(1993)
CPTP.TA,Capital Point Ltd.
LPHL.TA,Lapidoth-Heletz Limited Partnership
GLTL.TA,Gilat Telecom Global Ltd
AVER.TA,Averbuch Formica Center Ltd.
VISN.TA,Vision Sigma Ltd.
BLRX.TA,BioLineRx Ltd.
TGTR.TA,Together Pharma Ltd
PHTM.TA,Photomyne Ltd
CTPL5.TA,I.C.P. Israel Citrus Plantations Ltd.
RTPT.TA,Ratio Petroleum Energy - Limited Partnership
ROBO.TA,RoboGroup T.E.K. Ltd.
BUFT.TA,Buff Technologies Ltd.
CRMT.TA,Carmit Candy Industries Ltd.
TECT.TA,Tectona Ltd
AQUA.TA,Aquarius Engines (A.M) Ltd.
MDIN.TA,Modiin Energy-Limited Partnership
BIMT.TA,Bio Meat Foodtech - Limited Partnership
HMAM.TA,Hamama Meir Trading (1996) Ltd.
ISOP.TA,"Israel Opportunity - Energy Resources, LP"
CANF.TA,Can-Fite BioPharma Ltd.
IDMO.TA,Idomoo Ltd.
CBI.TA,Clal Biotechnology Industries Ltd.
EVGN.TA,Evogene Ltd.
NRGN.TA,NRGene Technologies Ltd
SPDV.TA,Speedvalue Ltd
SPRG.TA,Spring Ventures Ltd
TIGI.TA,Tigi Ltd.
TNDO.TA,Tondo Smart Ltd
FRSX.TA,Foresight Autonomous Holdings Ltd.
ARDM.TA,Aerodrome Group Ltd
PLCR.TA,Plasto-Cargal Group Ltd
TNPV.TA,TechnoPlus Ventures Ltd.
BLND.TA,Blender Financial Technologies
MTLF.TA,Matricelf Ltd
MYDS.TA,Mydas Real Estate Investments Ltd
XTLB.TA,XTL Biopharmaceuticals Ltd.
ORTC.TA,O.R.T. Technologies Ltd
JEEN.TA,Jeen Technologies AI Ltd
GOTO.TA,Goto Ltd
BRAM.TA,Bram Industries Ltd.
G107.TA,Group 107 Ltd
ZOOZ.TA,ZOOZ Power Ltd.
NXTG.TA,Nextage Therapeutics Ltd
TKUN.TA,Tikun Olam-Cannbit Pharmaceuticals Ltd
MSVT.TA,Massivit 3D Printing Technologies Ltd
BIOV.TA,Bio-View Ltd
IDNT.TA,Identi Healthcare Ltd
ALMD.TA,Allmed Solutions Ltd
TEDE.TA,Tedea Technological Development and Automation Ltd.
HMGS.TA,HomeBiogas Ltd
GNCL.TA,Gencell Ltd
MIFT.TA,Millennium Food Tech Limited Partnership
NURI.TA,Nur Ink Innovations Ltd
BBLS.TA,Bubbles Intergroup Ltd
PPBT.TA,Purple Biotech Ltd
BCUR.TA,Erika B-Cure Laser Ltd
BOLT.TA,BioLight Life Sciences Ltd.
BARI.TA,Barak Investment House Ltd
ARTS.TA,Airtouch Solar Ltd
WNBZ.TA,Wind Buzz Technologies Ltd
YBRD.TA,Y.B Urban Renewal - Residential Development Ltd
SHMM.TA,Shamaym Improve Ltd
TRAN.TA,Trucknet Enterprise Ltd
BHNY.TA,Bee-io Honey Ltd.
BIGT.TA,Big Tech 50 R&D-Limited Partnership
GLDE.TA,Internet Gold - Golden Lines Ltd.
BLRN.TA,BladeRanger Ltd
AMX.TA,Automax Motors Ltd
GIX.TA,Gix Internet Ltd
MRHL.TA,Merchavia Holdings and Investments Ltd
RTEN.TA,Rotem Energy Mineral (REM) - Limited Partnership
SVRE.TA,SaverOne 2014 Ltd.
SCC.TA,Space-Communication Ltd
WILK.TA,Wilk Technologies Ltd
MNRA.TA,Menara Ventures Xl - Limited Partnership
AILN.TA,Axilion Smart Mobility Ltd
BYON.TA,Beyon3D Ltd.
CPIA.TA,Cipia Vision Ltd
STEC.TA,Shure-Tech Investments - Limited Partnership
UNCT.TA,Unicorn Technologies - Limited Partnership
SMAG.TA,Smart Agro - Limited
SVRT.TA,SavorEat Ltd.
HUMX.TA,Human Xtensions Ltd.
SLCL.TA,Silver Castle Holdings Ltd
PTX.TA,Petrotx - Limited Partnership
PLNT.TA,PlantArc Bio Ltd.
STRG.TA,Storage Drop Storage Technologies Ltd
FEAT.TA,Feat Fund Investments - Limited Partnership
SONO.TA,Sonovia Ltd
NXGN.TA,Nextgen Biomed Ltd
CNTC.TA,Cannabotech LTD
FLYS.TA,Flying Spark Ltd.
WATR.TA,Water.Io Ltd
UNTC.TA,"Unic-tech, Limited Partnership"
HICN.TA,Highcon Systems Ltd.
